{
  "version": 1,
  "author": "Atharav Jadhav",
  "editor": "wokwi",
  "parts": [
    { "type": "wokwi-breadboard", "id": "bb1", "top": -108.6, "left": -246.8, "attrs": {} },
    { "type": "wokwi-arduino-uno", "id": "uno", "top": 121.4, "left": -190.94, "attrs": {} },
    { "type": "wokwi-potentiometer", "id": "pot1", "top": -126.1, "left": -77, "attrs": {} },
    {
      "type": "wokwi-resistor",
      "id": "r1",
      "top": -38.8,
      "left": 9.6,
      "attrs": { "value": "1000" }
    },
    {
      "type": "wokwi-led",
      "id": "led1",
      "top": -90,
      "left": 51.8,
      "attrs": { "color": "limegreen", "flip": "" }
    }
  ],
  "connections": [
    [ "bb1:19t.e", "pot1:GND", "green", [ "v0" ] ],
    [ "bb1:21t.e", "pot1:VCC", "green", [ "v0" ] ],
    [ "uno:5V", "bb1:21t.e", "red", [ "v0" ] ],
    [ "uno:GND.1", "bb1:19t.e", "black", [ "v0" ] ],
    [ "pot1:SIG", "bb1:20b.f", "green", [ "v0" ] ],
    [ "uno:A1", "bb1:20b.f", "green", [ "v0" ] ],
    [ "uno:6", "bb1:25t.c", "green", [ "v0" ] ],
    [ "bb1:32t.c", "uno:GND.3", "green", [ "v355.62", "h-93.79" ] ],
    [ "r1:1", "bb1:25t.d", "", [ "$bb" ] ],
    [ "r1:2", "bb1:31t.d", "", [ "$bb" ] ],
    [ "led1:A", "bb1:32t.b", "", [ "$bb" ] ],
    [ "led1:C", "bb1:31t.b", "", [ "$bb" ] ],
    [ "pot1:GND", "bb1:19t.a", "", [ "$bb" ] ],
    [ "pot1:SIG", "bb1:20t.a", "", [ "$bb" ] ],
    [ "pot1:VCC", "bb1:21t.a", "", [ "$bb" ] ]
  ],
  "dependencies": {}
}